task_type,split,n,n_evaluable,n_with_rater_labels,jsd_mean,wasserstein_mean,rater_probability_mean,consensus_loo_change_rate_mean,consensus_loo_mean_delta_mean,baseline_human_alpha,mean_loo_alpha,alpha_delta,loo_alphas_per_slot,model_id
qa,primary,697,697,450,0.18367676859246243,0.49333333333333335,0.5580370370370371,0.1986296296296296,0.12009259259259258,0.863404432777001,0.815741352246744,-0.04766308053025692,"[0.814728,0.819119,0.801308,0.819086,0.824465]",gpt-5-mini
conv,primary,697,697,450,0.2508863734970032,0.7291111111111112,0.46920370370370373,0.20885185185185184,0.13055555555555556,0.863404432777001,0.704694815971043,-0.15870961680595796,"[0.706227,0.712465,0.685887,0.706868,0.712027]",gpt-5-mini
qa,ambiguous,217,217,217,0.2501939175318913,0.86505376344086,0.3844854070660522,0.34086021505376346,0.2903609831029185,0.0409475028107642,0.14084091228486986,0.09989340947410566,"[0.104045,0.113484,0.135694,0.188830,0.162152]",gpt-5-mini
conv,ambiguous,217,217,217,0.2821475273909067,1.0450076804915516,0.3612135176651306,0.37419354838709673,0.3473886328725038,0.0409475028107642,0.07452173948605416,0.033574236675289956,"[0.046836,0.044243,0.059470,0.116623,0.105437]",gpt-5-mini
