model_id,task_type,group_type,group_value,n_total,n_evaluable,n_all_invalid,invalid_samples,exact,over,under,within_1
gpt-5-mini,conv,overall,all,527,527,0,0,0.6925996204933587,0.022770398481973434,0.2846299810246679,0.9032258064516129
gpt-5-mini,conv,dataset,healthbench,250,250,0,0,0.688,0.004,0.308,0.876
gpt-5-mini,conv,dataset,pmr_reddit,180,180,0,0,0.6611111111111111,0.044444444444444446,0.29444444444444445,0.9111111111111111
gpt-5-mini,conv,dataset,pmr_synth,19,19,0,0,0.5789473684210527,0.0,0.42105263157894735,0.8947368421052632
gpt-5-mini,conv,dataset,semigran,34,34,0,0,0.7058823529411765,0.08823529411764706,0.20588235294117646,0.9705882352941176
gpt-5-mini,conv,dataset,structured_triage,44,44,0,0,0.8863636363636364,0.0,0.11363636363636363,0.9772727272727273
gpt-5-mini,conv,acuity,A,77,77,0,0,0.922077922077922,0.07792207792207792,0.0,0.961038961038961
gpt-5-mini,conv,acuity,B,110,110,0,0,0.4909090909090909,0.045454545454545456,0.4636363636363636,0.990909090909091
gpt-5-mini,conv,acuity,C,78,78,0,0,0.6153846153846154,0.01282051282051282,0.3717948717948718,0.7948717948717948
gpt-5-mini,conv,acuity,D,262,262,0,0,0.732824427480916,0.0,0.26717557251908397,0.8816793893129771
gpt-5-mini,qa,overall,all,527,527,0,0,0.7817836812144212,0.04933586337760911,0.16888045540796964,0.9753320683111955
gpt-5-mini,qa,dataset,healthbench,250,250,0,0,0.792,0.016,0.192,0.968
gpt-5-mini,qa,dataset,pmr_reddit,180,180,0,0,0.7611111111111111,0.09444444444444444,0.14444444444444443,0.9777777777777777
gpt-5-mini,qa,dataset,pmr_synth,19,19,0,0,0.6842105263157895,0.05263157894736842,0.2631578947368421,0.9473684210526315
gpt-5-mini,qa,dataset,semigran,34,34,0,0,0.7352941176470589,0.08823529411764706,0.17647058823529413,1.0
gpt-5-mini,qa,dataset,structured_triage,44,44,0,0,0.8863636363636364,0.022727272727272728,0.09090909090909091,1.0
gpt-5-mini,qa,acuity,A,77,77,0,0,0.8961038961038961,0.1038961038961039,0.0,0.961038961038961
gpt-5-mini,qa,acuity,B,110,110,0,0,0.5181818181818182,0.13636363636363635,0.34545454545454546,1.0
gpt-5-mini,qa,acuity,C,78,78,0,0,0.7948717948717948,0.038461538461538464,0.16666666666666666,0.9230769230769231
gpt-5-mini,qa,acuity,D,262,262,0,0,0.8549618320610687,0.0,0.1450381679389313,0.9847328244274809
