model_id,task_type,metric,published,fresh_run,delta
gpt-5-mini,qa,exact,0.78,0.7817836812144212,0.0017836812144211844
gpt-5-mini,qa,over,0.055,0.04933586337760911,-0.005664136622390889
gpt-5-mini,qa,under,0.165,0.16888045540796964,0.003880455407969635
gpt-5-mini,conv,exact,0.677,0.6925996204933587,0.015599620493358612
gpt-5-mini,conv,over,0.036,0.022770398481973434,-0.013229601518026563
gpt-5-mini,conv,under,0.286,0.2846299810246679,-0.0013700189753320657
