model_id,task_type,boundary,n_total,n_evaluable,constituent_rate,upper_among_constituent,outside_high_rate,outside_low_rate
gpt-5-mini,conv,A|B,31,31,0.9354838709677419,0.06896551724137931,0.06451612903225806,0.0
gpt-5-mini,conv,B|C,48,48,0.6041666666666666,0.4482758620689655,0.041666666666666664,0.3541666666666667
gpt-5-mini,conv,C|D,91,91,0.7362637362637363,0.23880597014925373,0.0,0.26373626373626374
gpt-5-mini,qa,A|B,31,31,0.967741935483871,0.13333333333333333,0.03225806451612903,0.0
gpt-5-mini,qa,B|C,48,48,0.7291666666666666,0.6285714285714286,0.08333333333333333,0.1875
gpt-5-mini,qa,C|D,91,91,0.9010989010989011,0.32926829268292684,0.0,0.0989010989010989
