task_type,split,n,n_evaluable,n_with_rater_labels,jsd_mean,wasserstein_mean,rater_probability_mean,consensus_loo_change_rate_mean,consensus_loo_mean_delta_mean,baseline_human_alpha,mean_loo_alpha,alpha_delta,loo_alphas_per_slot,model_id
qa,primary,697,697,450,0.18152887737828158,0.4990370370370371,0.5522592592592592,0.1982962962962963,0.11929629629629629,0.863404432777001,0.813535413754175,-0.04986901902282592,"[0.812602,0.815360,0.800896,0.816662,0.822157]",gpt-5-mini
conv,primary,697,697,450,0.2568693523531072,0.736925925925926,0.4543888888888889,0.20792592592592593,0.12946296296296297,0.863404432777001,0.6968953017727177,-0.16650913100428322,"[0.698205,0.700450,0.683856,0.698988,0.702977]",gpt-5-mini
qa,ambiguous,217,217,217,0.254594909174553,0.8678187403993856,0.38678955453149005,0.3360215053763441,0.296121351766513,0.0409475028107642,0.13832122047985537,0.09737371766909117,"[0.108049,0.106053,0.135263,0.186859,0.155381]",gpt-5-mini
conv,ambiguous,217,217,217,0.29115087698941383,1.0576036866359446,0.3423195084485407,0.384331797235023,0.35775729646697385,0.0409475028107642,0.07357749606915764,0.03262999325839344,"[0.046572,0.052209,0.054731,0.115721,0.098654]",gpt-5-mini
