model_id,task_type,group_type,group_value,n_total,n_evaluable,n_all_invalid,invalid_samples,exact,over,under,within_1
gpt-5-mini,conv,overall,all,527,527,0,1,0.681214421252372,0.026565464895635674,0.2922201138519924,0.905123339658444
gpt-5-mini,conv,dataset,healthbench,250,250,0,1,0.676,0.0,0.324,0.884
gpt-5-mini,conv,dataset,pmr_reddit,180,180,0,0,0.6611111111111111,0.05555555555555555,0.2833333333333333,0.9055555555555556
gpt-5-mini,conv,dataset,pmr_synth,19,19,0,0,0.47368421052631576,0.0,0.5263157894736842,0.8421052631578947
gpt-5-mini,conv,dataset,semigran,34,34,0,0,0.7058823529411765,0.08823529411764706,0.20588235294117646,1.0
gpt-5-mini,conv,dataset,structured_triage,44,44,0,0,0.8636363636363636,0.022727272727272728,0.11363636363636363,0.9772727272727273
gpt-5-mini,conv,acuity,A,77,77,0,0,0.922077922077922,0.07792207792207792,0.0,0.974025974025974
gpt-5-mini,conv,acuity,B,110,110,0,0,0.4636363636363636,0.06363636363636363,0.4727272727272727,1.0
gpt-5-mini,conv,acuity,C,78,78,0,0,0.5769230769230769,0.01282051282051282,0.41025641025641024,0.7435897435897436
gpt-5-mini,conv,acuity,D,262,262,0,1,0.732824427480916,0.0,0.26717557251908397,0.8931297709923665
gpt-5-mini,qa,overall,all,527,527,0,0,0.7685009487666035,0.06451612903225806,0.16698292220113853,0.967741935483871
gpt-5-mini,qa,dataset,healthbench,250,250,0,0,0.808,0.012,0.18,0.964
gpt-5-mini,qa,dataset,pmr_reddit,180,180,0,0,0.7055555555555556,0.13333333333333333,0.16111111111111112,0.9666666666666667
gpt-5-mini,qa,dataset,pmr_synth,19,19,0,0,0.7894736842105263,0.05263157894736842,0.15789473684210525,0.9473684210526315
gpt-5-mini,qa,dataset,semigran,34,34,0,0,0.7058823529411765,0.08823529411764706,0.20588235294117646,0.9705882352941176
gpt-5-mini,qa,dataset,structured_triage,44,44,0,0,0.8409090909090909,0.06818181818181818,0.09090909090909091,1.0
gpt-5-mini,qa,acuity,A,77,77,0,0,0.8441558441558441,0.15584415584415584,0.0,0.922077922077922
gpt-5-mini,qa,acuity,B,110,110,0,0,0.5272727272727272,0.14545454545454545,0.32727272727272727,1.0
gpt-5-mini,qa,acuity,C,78,78,0,0,0.7307692307692307,0.07692307692307693,0.19230769230769232,0.8974358974358975
gpt-5-mini,qa,acuity,D,262,262,0,0,0.8587786259541985,0.0,0.14122137404580154,0.9885496183206107
