model_id,task_type,metric,published,fresh_run,delta
gpt-5-mini,qa,exact,0.78,0.7685009487666035,-0.011499051233396562
gpt-5-mini,qa,over,0.055,0.06451612903225806,0.009516129032258062
gpt-5-mini,qa,under,0.165,0.16698292220113853,0.0019829222011385206
gpt-5-mini,conv,exact,0.677,0.681214421252372,0.004214421252371925
gpt-5-mini,conv,over,0.036,0.026565464895635674,-0.009434535104364324
gpt-5-mini,conv,under,0.286,0.2922201138519924,0.006220113851992448
