model_id,task_type,boundary,n_total,n_evaluable,constituent_rate,upper_among_constituent,outside_high_rate,outside_low_rate
gpt-5.4,conv,A|B,31,31,0.8709677419354839,0.18518518518518517,0.12903225806451613,0.0
gpt-5.4,conv,B|C,48,48,0.6666666666666666,0.5625,0.08333333333333333,0.25
gpt-5.4,conv,C|D,91,91,0.8571428571428571,0.28205128205128205,0.0,0.14285714285714285
gpt-5.4,qa,A|B,31,31,0.8387096774193549,0.5384615384615384,0.16129032258064516,0.0
gpt-5.4,qa,B|C,48,48,0.8125,0.7435897435897436,0.10416666666666667,0.08333333333333333
gpt-5.4,qa,C|D,91,91,0.967032967032967,0.48863636363636365,0.0,0.03296703296703297
