task_type,split,n,n_evaluable,n_with_rater_labels,jsd_mean,wasserstein_mean,rater_probability_mean,consensus_loo_change_rate_mean,consensus_loo_mean_delta_mean,baseline_human_alpha,mean_loo_alpha,alpha_delta,loo_alphas_per_slot,model_id
qa,primary,697,697,450,0.1771053970972129,0.45314814814814813,0.554462962962963,0.1977037037037037,0.11677777777777779,0.863404432777001,0.8168922115096612,-0.04651222126733978,"[0.812382,0.814652,0.811207,0.823691,0.822529]",gpt-5.4
conv,primary,697,697,450,0.18940463270633592,0.526,0.5519074074074074,0.19974074074074075,0.12355555555555557,0.863404432777001,0.7879472049993655,-0.07545722777763542,"[0.789134,0.793926,0.775329,0.785726,0.795620]",gpt-5.4
qa,ambiguous,217,217,217,0.2798531951884051,0.8681259600614439,0.3757680491551459,0.3215821812596006,0.2791858678955453,0.0409475028107642,0.1260179321396166,0.08507042932885239,"[0.088969,0.093126,0.136060,0.175821,0.136113]",gpt-5.4
conv,ambiguous,217,217,217,0.2591103394632027,0.8883256528417818,0.380952380952381,0.3650537634408602,0.31632104454685095,0.0409475028107642,0.1305949753500783,0.0896474725393141,"[0.096242,0.107403,0.121922,0.173019,0.154388]",gpt-5.4
