model_id,task_type,group_type,group_value,n_total,n_evaluable,n_all_invalid,invalid_samples,exact,over,under,within_1
gpt-5.4,conv,overall,all,527,527,0,0,0.7798861480075902,0.036053130929791274,0.1840607210626186,0.9620493358633776
gpt-5.4,conv,dataset,healthbench,250,250,0,0,0.8,0.012,0.188,0.952
gpt-5.4,conv,dataset,pmr_reddit,180,180,0,0,0.7611111111111111,0.044444444444444446,0.19444444444444445,0.9611111111111111
gpt-5.4,conv,dataset,pmr_synth,19,19,0,0,0.7368421052631579,0.0,0.2631578947368421,1.0
gpt-5.4,conv,dataset,semigran,34,34,0,0,0.6470588235294118,0.11764705882352941,0.23529411764705882,0.9705882352941176
gpt-5.4,conv,dataset,structured_triage,44,44,0,0,0.8636363636363636,0.09090909090909091,0.045454545454545456,1.0
gpt-5.4,conv,acuity,A,77,77,0,0,0.8701298701298701,0.12987012987012986,0.0,0.948051948051948
gpt-5.4,conv,acuity,B,110,110,0,0,0.6272727272727273,0.06363636363636363,0.3090909090909091,1.0
gpt-5.4,conv,acuity,C,78,78,0,0,0.7564102564102564,0.02564102564102564,0.21794871794871795,0.8974358974358975
gpt-5.4,conv,acuity,D,262,262,0,0,0.8244274809160306,0.0,0.17557251908396945,0.9694656488549618
gpt-5.4,qa,overall,all,527,527,0,0,0.7666034155597723,0.15180265654648956,0.08159392789373814,0.9715370018975332
gpt-5.4,qa,dataset,healthbench,250,250,0,0,0.848,0.056,0.096,1.0
gpt-5.4,qa,dataset,pmr_reddit,180,180,0,0,0.6833333333333333,0.25,0.06666666666666667,0.9333333333333333
gpt-5.4,qa,dataset,pmr_synth,19,19,0,0,0.6842105263157895,0.21052631578947367,0.10526315789473684,1.0
gpt-5.4,qa,dataset,semigran,34,34,0,0,0.6176470588235294,0.2647058823529412,0.11764705882352941,0.9117647058823529
gpt-5.4,qa,dataset,structured_triage,44,44,0,0,0.7954545454545454,0.18181818181818182,0.022727272727272728,1.0
gpt-5.4,qa,acuity,A,77,77,0,0,0.6233766233766234,0.37662337662337664,0.0,0.8181818181818182
gpt-5.4,qa,acuity,B,110,110,0,0,0.5181818181818182,0.38181818181818183,0.1,0.990909090909091
gpt-5.4,qa,acuity,C,78,78,0,0,0.8205128205128205,0.11538461538461539,0.0641025641025641,1.0
gpt-5.4,qa,acuity,D,262,262,0,0,0.8969465648854962,0.0,0.10305343511450382,1.0
