model_id,task_type,metric,published,fresh_run,delta
gpt-5.4,qa,exact,0.772,0.7666034155597723,-0.005396584440227725
gpt-5.4,qa,over,0.142,0.15180265654648956,0.009802656546489569
gpt-5.4,qa,under,0.085,0.08159392789373814,-0.0034060721062618704
gpt-5.4,conv,exact,0.772,0.7798861480075902,0.007886148007590132
gpt-5.4,conv,over,0.049,0.036053130929791274,-0.012946869070208727
gpt-5.4,conv,under,0.178,0.1840607210626186,0.006060721062618596
